location_key,locality,city,state,postal_code,country
1,Bandra Kurla Complex,Mumbai,Maharashtra,400051,India
2,Andheri East,Mumbai,Maharashtra,400069,India
3,Lower Parel,Mumbai,Maharashtra,400013,India
4,Powai,Mumbai,Maharashtra,400076,India
5,Sahar,Mumbai,Maharashtra,400099,India
6,Navi Mumbai,Mumbai,Maharashtra,400703,India
7,Goregaon East,Mumbai,Maharashtra,400063,India
8,Thane West,Mumbai,Maharashtra,400606,India
9,Dadar East,Mumbai,Maharashtra,400014,India
10,Chembur,Mumbai,Maharashtra,400071,India
11,Malad West,Mumbai,Maharashtra,400064,India
12,Nariman Point,Mumbai,Maharashtra,400021,India
