connector_key,connector_id,station_key,connector_type,power_kw,total_quantity,price_per_kwh
1,157a5368-3200-56bb-98c8-a11a052083f7,1,CCS2,60.0,2,18.5
2,49ee24d7-e28a-591d-b9df-acf3b3f0cf71,1,Type 2,22.0,2,15.0
3,80d7fd42-6005-5642-94a9-0e8986989e0c,2,CCS2,120.0,4,21.0
4,651e954d-0437-515a-be08-5df02c01b9c2,2,Type 2,22.0,2,16.0
5,3edaca98-80cc-549c-8cc4-e0e5c65ebdb2,3,CCS2,60.0,2,19.0
6,ec6c497c-316d-5556-94b8-a11685e0dd72,3,CHAdeMO,50.0,1,19.0
7,434ccdd9-1602-521e-b739-5d992d6945bc,4,Type 2,22.0,3,14.5
8,c0c555c8-3063-59cf-98a2-ed6608517468,4,Bharat AC001,15.0,2,12.0
9,0a46bf81-30e0-5fa6-8bb5-a15be00faab9,5,CCS2,120.0,4,22.5
10,e80c34bf-aa58-5359-9a2e-f1930306789a,5,CCS2,60.0,2,19.5
11,80045017-79f2-52e2-95c0-343d954618ad,6,CCS2,50.0,2,17.0
12,c1b5bc0e-c9d6-5e9c-b19a-8e378b7a8f7d,6,Type 2,11.0,2,13.0
13,323a111a-3eb6-5090-a1be-2d5faa85a267,7,CCS2,60.0,2,18.0
14,092c38ee-b548-5a23-8064-138f482f9774,7,Type 2,22.0,1,15.0
15,5f1684bd-adfb-5dd7-bdca-b728eb4135aa,8,CCS2,60.0,2,19.0
16,ee6d7166-bf2c-57b7-b57f-d27df052fbb2,8,CHAdeMO,50.0,1,19.0
17,78ef6ce9-ef01-52e5-bb2f-ad63311eae21,9,Type 2,22.0,2,14.0
18,e2806978-2b86-5b4c-ba21-6b6188603f63,9,Bharat AC001,15.0,2,12.0
19,8f8f2af0-99cd-54b8-91bd-a7b521d60b45,10,CCS2,60.0,2,19.5
20,665a5d23-0198-52cd-b5a8-7b536fc4be3f,10,Type 2,22.0,2,15.5
21,dfcf1426-ccb6-5113-bb14-e8f83f5b719b,11,CCS2,60.0,2,18.0
22,a3dbf329-5cf8-5825-909d-5adcab910a28,11,Type 2,22.0,2,14.5
23,f1f489f4-c2a7-5a9e-9d1b-11cbd86e4bce,12,CCS2,50.0,2,20.0
24,5ba95bc6-6e98-574a-a5bb-d51f162f5dd3,12,Type 2,22.0,2,16.0
