station_key,date_key,total_observations,avg_utilization_pct,busy_observations,broken_observations,available_observations,uptime_pct
1,20260901,48,44.79,17,0,31,100.0
1,20260902,48,53.12,18,0,30,100.0
1,20260903,48,50.0,18,1,29,97.92
1,20260904,48,51.04,17,0,31,100.0
1,20260905,48,39.58,9,1,38,97.92
1,20260906,48,48.96,14,1,33,97.92
1,20260907,48,53.12,21,1,26,97.92
1,20260908,48,48.96,17,0,31,100.0
1,20260909,48,50.0,17,1,30,97.92
1,20260910,48,48.96,17,0,31,100.0
1,20260911,48,52.08,19,1,28,97.92
1,20260912,48,47.92,12,1,35,97.92
1,20260913,48,46.88,14,0,34,100.0
1,20260914,48,57.29,22,1,25,97.92
1,20260915,48,55.21,17,3,28,93.75
1,20260916,48,52.08,18,0,30,100.0
1,20260917,48,52.08,17,2,29,95.83
1,20260918,48,47.92,15,0,33,100.0
1,20260919,48,50.0,15,0,33,100.0
1,20260920,48,46.88,13,1,34,97.92
1,20260921,48,45.83,13,0,35,100.0
1,20260922,48,41.67,14,0,34,100.0
1,20260923,48,53.12,16,1,31,97.92
1,20260924,48,43.75,13,0,35,100.0
1,20260925,48,44.79,16,0,32,100.0
1,20260926,48,41.67,10,0,38,100.0
1,20260927,48,46.88,15,0,33,100.0
1,20260928,48,51.04,18,0,30,100.0
1,20260929,48,53.12,18,1,29,97.92
1,20260930,48,51.04,15,2,31,95.83
2,20260901,48,45.83,6,1,41,97.92
2,20260902,48,35.42,3,0,45,100.0
2,20260903,48,35.42,7,2,39,95.83
2,20260904,48,40.1,7,0,41,100.0
2,20260905,48,40.1,4,1,43,97.92
2,20260906,48,39.06,4,2,42,95.83
2,20260907,48,31.25,6,0,42,100.0
2,20260908,48,42.71,8,2,38,95.83
2,20260909,48,39.58,7,1,40,97.92
2,20260910,48,40.1,6,1,41,97.92
2,20260911,48,37.5,8,1,39,97.92
2,20260912,48,36.98,6,1,41,97.92
2,20260913,48,32.81,3,1,44,97.92
2,20260914,48,38.02,7,1,40,97.92
2,20260915,48,44.79,8,2,38,95.83
2,20260916,48,43.75,7,0,41,100.0
2,20260917,48,40.62,6,3,39,93.75
2,20260918,48,35.94,5,1,42,97.92
2,20260919,48,40.62,7,2,39,95.83
2,20260920,48,39.06,6,1,41,97.92
2,20260921,48,33.33,7,1,40,97.92
2,20260922,48,37.5,5,0,43,100.0
2,20260923,48,38.54,8,0,40,100.0
2,20260924,48,42.19,9,1,38,97.92
2,20260925,48,46.35,8,1,39,97.92
2,20260926,48,36.46,5,1,42,97.92
2,20260927,48,33.33,3,1,44,97.92
2,20260928,48,42.19,7,2,39,95.83
2,20260929,48,37.5,8,0,40,100.0
2,20260930,48,45.83,9,2,37,95.83
3,20260901,48,51.04,22,0,26,100.0
3,20260902,48,56.25,24,0,24,100.0
3,20260903,48,56.25,22,0,26,100.0
3,20260904,48,54.17,22,0,26,100.0
3,20260905,48,51.04,20,0,28,100.0
3,20260906,48,52.08,18,4,26,91.67
3,20260907,48,58.33,24,2,22,95.83
3,20260908,48,46.88,18,1,29,97.92
3,20260909,48,50.0,21,1,26,97.92
3,20260910,48,44.79,18,0,30,100.0
3,20260911,48,55.21,23,1,24,97.92
3,20260912,48,48.96,20,0,28,100.0
3,20260913,48,48.96,18,0,30,100.0
3,20260914,48,55.21,22,2,24,95.83
3,20260915,48,50.0,19,2,27,95.83
3,20260916,48,56.25,22,2,24,95.83
3,20260917,48,45.83,15,2,31,95.83
3,20260918,48,56.25,22,1,25,97.92
3,20260919,48,51.04,20,0,28,100.0
3,20260920,48,41.67,16,1,31,97.92
3,20260921,48,39.58,15,0,33,100.0
3,20260922,48,54.17,22,0,26,100.0
3,20260923,48,54.17,19,2,27,95.83
3,20260924,48,52.08,20,1,27,97.92
3,20260925,48,48.96,19,2,27,95.83
3,20260926,48,41.67,15,1,32,97.92
3,20260927,48,53.12,20,0,28,100.0
3,20260928,48,45.83,17,1,30,97.92
3,20260929,48,43.75,17,0,31,100.0
3,20260930,48,41.67,17,0,31,100.0
4,20260901,48,42.71,10,1,37,97.92
4,20260902,48,34.72,8,0,40,100.0
4,20260903,48,37.5,10,0,38,100.0
4,20260904,48,45.49,8,1,39,97.92
4,20260905,48,35.76,8,1,39,97.92
4,20260906,48,36.11,8,1,39,97.92
4,20260907,48,39.24,5,4,39,91.67
4,20260908,48,36.46,10,0,38,100.0
4,20260909,48,44.44,8,2,38,95.83
4,20260910,48,40.62,9,0,39,100.0
4,20260911,48,31.94,4,0,44,100.0
4,20260912,48,37.85,5,2,41,95.83
4,20260913,48,43.4,10,2,36,95.83
4,20260914,48,41.67,8,0,40,100.0
4,20260915,48,38.19,7,1,40,97.92
4,20260916,48,37.5,8,0,40,100.0
4,20260917,48,35.42,5,2,41,95.83
4,20260918,48,44.44,8,2,38,95.83
4,20260919,48,31.94,6,0,42,100.0
4,20260920,48,32.99,3,3,42,93.75
4,20260921,48,34.72,6,0,42,100.0
4,20260922,48,41.67,10,1,37,97.92
4,20260923,48,42.36,10,1,37,97.92
4,20260924,48,40.28,9,0,39,100.0
4,20260925,48,43.06,9,0,39,100.0
4,20260926,48,36.11,7,1,40,97.92
4,20260927,48,34.72,8,0,40,100.0
4,20260928,48,40.28,8,3,37,93.75
4,20260929,48,44.79,10,0,38,100.0
4,20260930,48,44.44,10,0,38,100.0
5,20260901,48,41.67,13,0,35,100.0
5,20260902,48,49.48,13,1,34,97.92
5,20260903,48,54.69,16,2,30,95.83
5,20260904,48,50.0,14,0,34,100.0
5,20260905,48,46.35,10,0,38,100.0
5,20260906,48,50.0,11,1,36,97.92
5,20260907,48,45.83,13,0,35,100.0
5,20260908,48,52.6,17,0,31,100.0
5,20260909,48,50.0,13,1,34,97.92
5,20260910,48,55.73,15,2,31,95.83
5,20260911,48,50.0,12,4,32,91.67
5,20260912,48,41.15,6,1,41,97.92
5,20260913,48,46.88,9,0,39,100.0
5,20260914,48,52.6,16,0,32,100.0
5,20260915,48,52.6,16,1,31,97.92
5,20260916,48,43.75,10,1,37,97.92
5,20260917,48,56.25,15,1,32,97.92
5,20260918,48,53.12,16,0,32,100.0
5,20260919,48,44.79,9,0,39,100.0
5,20260920,48,48.96,12,1,35,97.92
5,20260921,48,52.08,15,0,33,100.0
5,20260922,48,50.0,13,3,32,93.75
5,20260923,48,50.0,16,0,32,100.0
5,20260924,48,52.6,15,0,33,100.0
5,20260925,48,52.6,15,1,32,97.92
5,20260926,48,47.92,9,0,39,100.0
5,20260927,48,48.96,15,0,33,100.0
5,20260928,48,40.1,13,0,35,100.0
5,20260929,48,46.35,15,1,32,97.92
5,20260930,48,53.12,14,2,32,95.83
6,20260901,48,43.75,13,3,32,93.75
6,20260902,48,42.71,14,1,33,97.92
6,20260903,48,35.42,9,0,39,100.0
6,20260904,48,42.71,11,1,36,97.92
6,20260905,48,35.42,8,0,40,100.0
6,20260906,48,30.21,4,1,43,97.92
6,20260907,48,40.62,11,1,36,97.92
6,20260908,48,44.79,11,1,36,97.92
6,20260909,48,45.83,11,1,36,97.92
6,20260910,48,39.58,11,0,37,100.0
6,20260911,48,33.33,9,2,37,95.83
6,20260912,48,34.38,8,1,39,97.92
6,20260913,48,30.21,5,0,43,100.0
6,20260914,48,33.33,9,1,38,97.92
6,20260915,48,48.96,15,1,32,97.92
6,20260916,48,42.71,10,0,38,100.0
6,20260917,48,36.46,9,1,38,97.92
6,20260918,48,32.29,6,0,42,100.0
6,20260919,48,33.33,5,1,42,97.92
6,20260920,48,31.25,4,1,43,97.92
6,20260921,48,46.88,13,3,32,93.75
6,20260922,48,35.42,7,2,39,95.83
6,20260923,48,45.83,14,2,32,95.83
6,20260924,48,50.0,15,2,31,95.83
6,20260925,48,34.38,9,1,38,97.92
6,20260926,48,33.33,7,0,41,100.0
6,20260927,48,33.33,10,0,38,100.0
6,20260928,48,44.79,11,2,35,95.83
6,20260929,48,37.5,7,2,39,95.83
6,20260930,48,37.5,9,0,39,100.0
7,20260901,48,29.17,8,1,39,97.92
7,20260902,48,48.96,17,4,27,91.67
7,20260903,48,53.12,18,2,28,95.83
7,20260904,48,41.67,15,1,32,97.92
7,20260905,48,33.33,11,1,36,97.92
7,20260906,48,39.58,14,1,33,97.92
7,20260907,48,41.67,14,1,33,97.92
7,20260908,48,37.5,13,1,34,97.92
7,20260909,48,48.96,19,1,28,97.92
7,20260910,48,40.62,14,0,34,100.0
7,20260911,48,40.62,15,0,33,100.0
7,20260912,48,35.42,13,1,34,97.92
7,20260913,48,30.21,8,2,38,95.83
7,20260914,48,42.71,15,1,32,97.92
7,20260915,48,43.75,17,0,31,100.0
7,20260916,48,31.25,11,0,37,100.0
7,20260917,48,42.71,15,2,31,95.83
7,20260918,48,40.62,15,0,33,100.0
7,20260919,48,42.71,14,3,31,93.75
7,20260920,48,34.38,9,3,36,93.75
7,20260921,48,40.62,16,0,32,100.0
7,20260922,48,39.58,13,1,34,97.92
7,20260923,48,39.58,14,0,34,100.0
7,20260924,48,37.5,14,0,34,100.0
7,20260925,48,41.67,15,1,32,97.92
7,20260926,48,42.71,16,1,31,97.92
7,20260927,48,38.54,10,1,37,97.92
7,20260928,48,37.5,14,1,33,97.92
7,20260929,48,42.71,16,1,31,97.92
7,20260930,48,48.96,18,1,29,97.92
8,20260901,48,36.46,15,2,31,95.83
8,20260902,48,32.29,11,0,37,100.0
8,20260903,48,39.58,13,1,34,97.92
8,20260904,48,41.67,15,0,33,100.0
8,20260905,48,39.58,13,2,33,95.83
8,20260906,48,28.12,8,1,39,97.92
8,20260907,48,37.5,13,2,33,95.83
8,20260908,48,42.71,15,1,32,97.92
8,20260909,48,30.21,11,0,37,100.0
8,20260910,48,39.58,13,3,32,93.75
8,20260911,48,41.67,14,1,33,97.92
8,20260912,48,40.62,14,0,34,100.0
8,20260913,48,36.46,14,0,34,100.0
8,20260914,48,33.33,10,0,38,100.0
8,20260915,48,34.38,14,0,34,100.0
8,20260916,48,33.33,9,1,38,97.92
8,20260917,48,32.29,11,2,35,95.83
8,20260918,48,38.54,15,1,32,97.92
8,20260919,48,35.42,8,6,34,87.5
8,20260920,48,23.96,6,0,42,100.0
8,20260921,48,48.96,17,2,29,95.83
8,20260922,48,44.79,14,1,33,97.92
8,20260923,48,38.54,11,3,34,93.75
8,20260924,48,39.58,13,2,33,95.83
8,20260925,48,46.88,19,0,29,100.0
8,20260926,48,34.38,11,0,37,100.0
8,20260927,48,33.33,13,0,35,100.0
8,20260928,48,42.71,16,0,32,100.0
8,20260929,48,40.62,12,3,33,93.75
8,20260930,48,41.67,16,0,32,100.0
9,20260901,48,30.21,8,0,40,100.0
9,20260902,48,44.79,11,1,36,97.92
9,20260903,48,37.5,11,0,37,100.0
9,20260904,48,39.58,9,0,39,100.0
9,20260905,48,38.54,7,1,40,97.92
9,20260906,48,35.42,9,1,38,97.92
9,20260907,48,45.83,13,0,35,100.0
9,20260908,48,45.83,15,1,32,97.92
9,20260909,48,39.58,10,2,36,95.83
9,20260910,48,43.75,11,1,36,97.92
9,20260911,48,44.79,14,0,34,100.0
9,20260912,48,37.5,9,0,39,100.0
9,20260913,48,39.58,7,2,39,95.83
9,20260914,48,41.67,12,1,35,97.92
9,20260915,48,39.58,13,0,35,100.0
9,20260916,48,42.71,10,1,37,97.92
9,20260917,48,42.71,11,0,37,100.0
9,20260918,48,40.62,10,2,36,95.83
9,20260919,48,41.67,11,0,37,100.0
9,20260920,48,32.29,6,0,42,100.0
9,20260921,48,38.54,11,0,37,100.0
9,20260922,48,38.54,6,0,42,100.0
9,20260923,48,37.5,11,1,36,97.92
9,20260924,48,38.54,8,3,37,93.75
9,20260925,48,41.67,9,0,39,100.0
9,20260926,48,35.42,6,3,39,93.75
9,20260927,48,28.12,6,0,42,100.0
9,20260928,48,39.58,8,2,38,95.83
9,20260929,48,44.79,12,0,36,100.0
9,20260930,48,36.46,7,2,39,95.83
10,20260901,48,41.67,9,0,39,100.0
10,20260902,48,34.38,7,2,39,95.83
10,20260903,48,48.96,16,0,32,100.0
10,20260904,48,38.54,13,0,35,100.0
10,20260905,48,39.58,6,2,40,95.83
10,20260906,48,33.33,4,1,43,97.92
10,20260907,48,35.42,8,1,39,97.92
10,20260908,48,37.5,7,1,40,97.92
10,20260909,48,44.79,14,0,34,100.0
10,20260910,48,36.46,7,1,40,97.92
10,20260911,48,42.71,12,3,33,93.75
10,20260912,48,42.71,6,3,39,93.75
10,20260913,48,33.33,5,1,42,97.92
10,20260914,48,40.62,9,0,39,100.0
10,20260915,48,43.75,14,0,34,100.0
10,20260916,48,42.71,12,1,35,97.92
10,20260917,48,44.79,13,2,33,95.83
10,20260918,48,37.5,13,0,35,100.0
10,20260919,48,30.21,6,1,41,97.92
10,20260920,48,38.54,6,2,40,95.83
10,20260921,48,33.33,9,0,39,100.0
10,20260922,48,34.38,9,0,39,100.0
10,20260923,48,42.71,11,1,36,97.92
10,20260924,48,41.67,13,1,34,97.92
10,20260925,48,37.5,11,0,37,100.0
10,20260926,48,37.5,8,0,40,100.0
10,20260927,48,35.42,5,1,42,97.92
10,20260928,48,38.54,9,0,39,100.0
10,20260929,48,41.67,11,1,36,97.92
10,20260930,48,32.29,8,1,39,97.92
11,20260901,48,35.42,9,0,39,100.0
11,20260902,48,42.71,7,2,39,95.83
11,20260903,48,41.67,12,1,35,97.92
11,20260904,48,46.88,12,1,35,97.92
11,20260905,48,50.0,10,4,34,91.67
11,20260906,48,35.42,5,2,41,95.83
11,20260907,48,40.62,11,0,37,100.0
11,20260908,48,34.38,9,1,38,97.92
11,20260909,48,35.42,9,0,39,100.0
11,20260910,48,40.62,9,0,39,100.0
11,20260911,48,41.67,11,2,35,95.83
11,20260912,48,33.33,8,0,40,100.0
11,20260913,48,35.42,4,3,41,93.75
11,20260914,48,39.58,12,0,36,100.0
11,20260915,48,39.58,10,1,37,97.92
11,20260916,48,37.5,9,0,39,100.0
11,20260917,48,43.75,10,1,37,97.92
11,20260918,48,36.46,7,0,41,100.0
11,20260919,48,35.42,7,1,40,97.92
11,20260920,48,29.17,4,0,44,100.0
11,20260921,48,39.58,11,0,37,100.0
11,20260922,48,31.25,9,1,38,97.92
11,20260923,48,37.5,10,0,38,100.0
11,20260924,48,42.71,12,2,34,95.83
11,20260925,48,42.71,12,0,36,100.0
11,20260926,48,30.21,3,2,43,95.83
11,20260927,48,44.79,10,2,36,95.83
11,20260928,48,36.46,8,0,40,100.0
11,20260929,48,39.58,8,1,39,97.92
11,20260930,48,40.62,10,1,37,97.92
12,20260901,48,37.5,11,0,37,100.0
12,20260902,48,39.58,12,2,34,95.83
12,20260903,48,48.96,15,1,32,97.92
12,20260904,48,40.62,11,1,36,97.92
12,20260905,48,39.58,8,1,39,97.92
12,20260906,48,37.5,9,1,38,97.92
12,20260907,48,30.21,8,0,40,100.0
12,20260908,48,43.75,13,1,34,97.92
12,20260909,48,33.33,7,1,40,97.92
12,20260910,48,42.71,8,3,37,93.75
12,20260911,48,41.67,8,2,38,95.83
12,20260912,48,38.54,14,0,34,100.0
12,20260913,48,39.58,9,2,37,95.83
12,20260914,48,36.46,9,0,39,100.0
12,20260915,48,37.5,11,0,37,100.0
12,20260916,48,34.38,8,1,39,97.92
12,20260917,48,34.38,6,0,42,100.0
12,20260918,48,39.58,10,1,37,97.92
12,20260919,48,36.46,6,1,41,97.92
12,20260920,48,32.29,6,0,42,100.0
12,20260921,48,36.46,9,1,38,97.92
12,20260922,48,43.75,13,2,33,95.83
12,20260923,48,33.33,8,2,38,95.83
12,20260924,48,38.54,10,1,37,97.92
12,20260925,48,42.71,12,0,36,100.0
12,20260926,48,29.17,5,1,42,97.92
12,20260927,48,37.5,7,0,41,100.0
12,20260928,48,42.71,13,1,34,97.92
12,20260929,48,42.71,10,2,36,95.83
12,20260930,48,39.58,11,1,36,97.92
